date,product_id,price,promo,sales,is_anomaly
05-01-2025,P001,289.36,FALSE,560,FALSE
06-01-2025,P001,298.33,FALSE,590,FALSE
07-01-2025,P001,294.39,FALSE,882,FALSE
08-01-2025,P001,292.53,FALSE,700,FALSE
09-01-2025,P001,294.48,FALSE,597,FALSE
10-01-2025,P001,281.74,FALSE,975,FALSE
11-01-2025,P001,286.41,FALSE,935,FALSE
12-01-2025,P001,295.35,FALSE,495,FALSE
13-01-2025,P001,302.05,FALSE,655,FALSE
14-01-2025,P001,306.62,FALSE,607,FALSE
15-01-2025,P001,305.69,FALSE,876,FALSE
16-01-2025,P001,313.6,FALSE,571,FALSE
17-01-2025,P001,320.38,FALSE,945,FALSE
18-01-2025,P001,322.87,FALSE,801,FALSE
19-01-2025,P001,322.87,FALSE,154,TRUE
20-01-2025,P001,320.51,FALSE,0,TRUE
21-01-2025,P001,312.69,FALSE,450,FALSE
22-01-2025,P001,320.42,FALSE,922,FALSE
23-01-2025,P001,306.77,FALSE,558,FALSE
24-01-2025,P001,304.48,FALSE,684,FALSE
25-01-2025,P001,305.45,FALSE,1091,FALSE
26-01-2025,P001,310.72,FALSE,753,FALSE
27-01-2025,P001,253.75,TRUE,977,FALSE
28-01-2025,P001,328.25,FALSE,630,FALSE
29-01-2025,P001,326.31,FALSE,613,FALSE
30-01-2025,P001,331.06,FALSE,479,FALSE
31-01-2025,P001,322.78,FALSE,803,FALSE
01-02-2025,P001,332.11,FALSE,481,FALSE
02-02-2025,P001,331.04,FALSE,1019,FALSE
03-02-2025,P001,326.58,FALSE,385,FALSE
04-02-2025,P001,322.4,FALSE,566,FALSE
05-02-2025,P001,321.97,FALSE,214,TRUE
06-02-2025,P001,319.42,FALSE,2353,TRUE
07-02-2025,P001,334.36,FALSE,688,FALSE
08-02-2025,P001,329.56,FALSE,777,FALSE
09-02-2025,P001,329.74,FALSE,872,FALSE
10-02-2025,P001,329.89,FALSE,606,FALSE
11-02-2025,P001,330.04,FALSE,606,FALSE
12-02-2025,P001,330.38,FALSE,721,FALSE
13-02-2025,P001,327.18,FALSE,713,FALSE
14-02-2025,P001,323.35,FALSE,197,TRUE
15-02-2025,P001,317.79,FALSE,684,FALSE
16-02-2025,P001,308.44,FALSE,888,FALSE
17-02-2025,P001,227.14,TRUE,951,FALSE
18-02-2025,P001,315.87,FALSE,638,FALSE
19-02-2025,P001,312.43,FALSE,674,FALSE
20-02-2025,P001,308.93,FALSE,863,FALSE
21-02-2025,P001,306.95,FALSE,835,FALSE
22-02-2025,P001,245.71,TRUE,1197,FALSE
23-02-2025,P001,295.46,FALSE,626,FALSE
24-02-2025,P001,303.61,FALSE,355,FALSE
25-02-2025,P001,306.25,FALSE,565,FALSE
26-02-2025,P001,301.9,FALSE,716,FALSE
27-02-2025,P001,303.67,FALSE,606,FALSE
28-02-2025,P001,300.98,FALSE,912,FALSE
01-03-2025,P001,299.68,FALSE,582,FALSE
02-03-2025,P001,301.84,FALSE,385,FALSE
03-03-2025,P001,307.62,FALSE,787,FALSE
04-03-2025,P001,317.08,FALSE,609,FALSE
05-03-2025,P001,328.04,FALSE,679,FALSE
06-03-2025,P001,326.38,FALSE,461,FALSE
07-03-2025,P001,323.1,FALSE,665,FALSE
08-03-2025,P001,323.71,FALSE,0,TRUE
09-03-2025,P001,324.51,FALSE,648,FALSE
10-03-2025,P001,319.75,FALSE,297,TRUE
11-03-2025,P001,315.77,FALSE,555,FALSE
12-03-2025,P001,217.17,TRUE,2540,TRUE
13-03-2025,P001,331.6,FALSE,1097,FALSE
14-03-2025,P001,330.07,FALSE,692,FALSE
15-03-2025,P001,325.78,FALSE,988,FALSE
16-03-2025,P001,323.91,FALSE,413,FALSE
17-03-2025,P001,317.5,FALSE,602,FALSE
18-03-2025,P001,262.7,TRUE,1094,FALSE
19-03-2025,P001,246.02,TRUE,1095,FALSE
20-03-2025,P001,317.83,FALSE,1091,FALSE
21-03-2025,P001,236.59,TRUE,1043,FALSE
22-03-2025,P001,326.7,FALSE,712,FALSE
23-03-2025,P001,329.83,FALSE,350,FALSE
24-03-2025,P001,328.81,FALSE,431,FALSE
25-03-2025,P001,337.55,FALSE,710,FALSE
26-03-2025,P001,329.36,FALSE,230,TRUE
27-03-2025,P001,327.33,FALSE,154,TRUE
28-03-2025,P001,319.71,FALSE,687,FALSE
29-03-2025,P001,261.74,TRUE,1065,FALSE
30-03-2025,P001,330.54,FALSE,512,FALSE
31-03-2025,P001,327.12,FALSE,473,FALSE
01-04-2025,P001,338.12,FALSE,816,FALSE
02-04-2025,P001,336.08,FALSE,776,FALSE
03-04-2025,P001,252.78,TRUE,985,FALSE
04-04-2025,P001,325.01,FALSE,904,FALSE
05-04-2025,P001,327.32,FALSE,861,FALSE
06-04-2025,P001,325.76,FALSE,854,FALSE
07-04-2025,P001,340.83,FALSE,548,FALSE
08-04-2025,P001,346.67,FALSE,0,TRUE
09-04-2025,P001,358.85,FALSE,643,FALSE
10-04-2025,P001,368.9,FALSE,718,FALSE
11-04-2025,P001,356.63,FALSE,485,FALSE
12-04-2025,P001,353.91,FALSE,368,FALSE
13-04-2025,P001,335.09,FALSE,691,FALSE
14-04-2025,P001,330.75,FALSE,828,FALSE
15-04-2025,P001,338.17,FALSE,638,FALSE
16-04-2025,P001,332.48,FALSE,633,FALSE
17-04-2025,P001,328.25,FALSE,756,FALSE
18-04-2025,P001,330.36,FALSE,757,FALSE
19-04-2025,P001,335.57,FALSE,519,FALSE
20-04-2025,P001,333.15,FALSE,668,FALSE
21-04-2025,P001,331.42,FALSE,814,FALSE
22-04-2025,P001,336.79,FALSE,683,FALSE
23-04-2025,P001,338.47,FALSE,640,FALSE
24-04-2025,P001,336.51,FALSE,851,FALSE
25-04-2025,P001,338.6,FALSE,816,FALSE
26-04-2025,P001,339.09,FALSE,511,FALSE
27-04-2025,P001,340.78,FALSE,844,FALSE
28-04-2025,P001,354.66,FALSE,698,FALSE
29-04-2025,P001,352.47,FALSE,644,FALSE
30-04-2025,P001,348.65,FALSE,723,FALSE
01-05-2025,P001,304.3,TRUE,883,FALSE
02-05-2025,P001,353.55,FALSE,558,FALSE
03-05-2025,P001,365.89,FALSE,723,FALSE
04-05-2025,P001,364.43,FALSE,577,FALSE
05-05-2025,P001,364.94,FALSE,729,FALSE
06-05-2025,P001,370.29,FALSE,493,FALSE
07-05-2025,P001,379.35,FALSE,491,FALSE
08-05-2025,P001,386.95,FALSE,496,FALSE
09-05-2025,P001,385.34,FALSE,805,FALSE
10-05-2025,P001,382.49,FALSE,582,FALSE
11-05-2025,P001,385.12,FALSE,471,FALSE
12-05-2025,P001,302.02,TRUE,464,FALSE
13-05-2025,P001,381.15,FALSE,1027,FALSE
14-05-2025,P001,384.26,FALSE,1934,TRUE
15-05-2025,P001,391.93,FALSE,517,FALSE
16-05-2025,P001,393.2,FALSE,536,FALSE
17-05-2025,P001,405.65,FALSE,741,FALSE
18-05-2025,P001,408.96,FALSE,472,FALSE
19-05-2025,P001,407.64,FALSE,374,FALSE
20-05-2025,P001,408.42,FALSE,494,FALSE
21-05-2025,P001,403.83,FALSE,829,FALSE
22-05-2025,P001,395.55,FALSE,812,FALSE
23-05-2025,P001,399.29,FALSE,819,FALSE
24-05-2025,P001,392.5,FALSE,474,FALSE
25-05-2025,P001,389.66,FALSE,0,TRUE
26-05-2025,P001,388.92,FALSE,456,FALSE
27-05-2025,P001,391.89,FALSE,465,FALSE
28-05-2025,P001,395.48,FALSE,554,FALSE
29-05-2025,P001,395.87,FALSE,737,FALSE
30-05-2025,P001,380.83,FALSE,525,FALSE
31-05-2025,P001,379.23,FALSE,470,FALSE
01-06-2025,P001,373.35,FALSE,404,FALSE
02-06-2025,P001,372.48,FALSE,614,FALSE
03-06-2025,P001,319.31,TRUE,759,FALSE
04-06-2025,P001,386.03,FALSE,696,FALSE
05-06-2025,P001,387.7,FALSE,426,FALSE
06-06-2025,P001,391.6,FALSE,516,FALSE
07-06-2025,P001,380.08,FALSE,772,FALSE
08-06-2025,P001,381.52,FALSE,568,FALSE
09-06-2025,P001,327.13,TRUE,894,FALSE
10-06-2025,P001,380.82,FALSE,651,FALSE
11-06-2025,P001,383.88,FALSE,661,FALSE
12-06-2025,P001,380.93,FALSE,504,FALSE
13-06-2025,P001,388.59,FALSE,560,FALSE
14-06-2025,P001,397.26,FALSE,575,FALSE
15-06-2025,P001,393,FALSE,885,FALSE
16-06-2025,P001,404.63,FALSE,554,FALSE
17-06-2025,P001,337.13,TRUE,632,FALSE
18-06-2025,P001,419.98,FALSE,526,FALSE
19-06-2025,P001,415.83,FALSE,599,FALSE
20-06-2025,P001,327.6,TRUE,653,FALSE
21-06-2025,P001,418.05,FALSE,601,FALSE
22-06-2025,P001,411.78,FALSE,612,FALSE
23-06-2025,P001,397.77,FALSE,848,FALSE
24-06-2025,P001,391.42,FALSE,706,FALSE
25-06-2025,P001,399.93,FALSE,556,FALSE
26-06-2025,P001,397.27,FALSE,471,FALSE
27-06-2025,P001,394.64,FALSE,408,FALSE
28-06-2025,P001,406.76,FALSE,1880,TRUE
29-06-2025,P001,410.75,FALSE,622,FALSE
30-06-2025,P001,416.52,FALSE,629,FALSE
01-07-2025,P001,423.61,FALSE,481,FALSE
02-07-2025,P001,377.13,TRUE,673,FALSE
03-07-2025,P001,416.95,FALSE,511,FALSE
05-01-2025,P002,62.08,FALSE,691,FALSE
06-01-2025,P002,47.95,TRUE,761,FALSE
07-01-2025,P002,59.23,FALSE,804,FALSE
08-01-2025,P002,59.26,FALSE,778,FALSE
09-01-2025,P002,59.38,FALSE,626,FALSE
10-01-2025,P002,61.57,FALSE,1098,FALSE
11-01-2025,P002,61.53,FALSE,557,FALSE
12-01-2025,P002,60.68,FALSE,808,FALSE
13-01-2025,P002,60.13,FALSE,0,TRUE
14-01-2025,P002,60.17,FALSE,703,FALSE
15-01-2025,P002,59.07,FALSE,774,FALSE
16-01-2025,P002,42.75,TRUE,1775,FALSE
17-01-2025,P002,56.35,FALSE,1256,FALSE
18-01-2025,P002,56.02,FALSE,827,FALSE
19-01-2025,P002,57.9,FALSE,637,FALSE
20-01-2025,P002,57.15,FALSE,549,FALSE
21-01-2025,P002,56.46,FALSE,652,FALSE
22-01-2025,P002,54.92,FALSE,1290,FALSE
23-01-2025,P002,56.4,FALSE,570,FALSE
24-01-2025,P002,56.81,FALSE,748,FALSE
25-01-2025,P002,57.73,FALSE,579,FALSE
26-01-2025,P002,58.27,FALSE,591,FALSE
27-01-2025,P002,57.44,FALSE,757,FALSE
28-01-2025,P002,57.67,FALSE,750,FALSE
29-01-2025,P002,56.54,FALSE,764,FALSE
30-01-2025,P002,57.07,FALSE,912,FALSE
31-01-2025,P002,58.45,FALSE,920,FALSE
01-02-2025,P002,49.5,TRUE,839,FALSE
02-02-2025,P002,60.46,FALSE,758,FALSE
03-02-2025,P002,53.84,TRUE,711,FALSE
04-02-2025,P002,63.05,FALSE,595,FALSE
05-02-2025,P002,61.6,FALSE,674,FALSE
06-02-2025,P002,61.89,FALSE,599,FALSE
07-02-2025,P002,63.6,FALSE,504,FALSE
08-02-2025,P002,62.8,FALSE,743,FALSE
09-02-2025,P002,63.35,FALSE,790,FALSE
10-02-2025,P002,63.14,FALSE,602,FALSE
11-02-2025,P002,63.58,FALSE,499,FALSE
12-02-2025,P002,62.66,FALSE,847,FALSE
13-02-2025,P002,62.77,FALSE,1122,FALSE
14-02-2025,P002,63.37,FALSE,794,FALSE
15-02-2025,P002,62.68,FALSE,1208,FALSE
16-02-2025,P002,61.65,FALSE,681,FALSE
17-02-2025,P002,61.56,FALSE,762,FALSE
18-02-2025,P002,60.94,FALSE,726,FALSE
19-02-2025,P002,60.98,FALSE,989,FALSE
20-02-2025,P002,60.06,FALSE,985,FALSE
21-02-2025,P002,61.14,FALSE,1085,FALSE
22-02-2025,P002,61.47,FALSE,843,FALSE
23-02-2025,P002,59.75,FALSE,976,FALSE
24-02-2025,P002,61.51,FALSE,914,FALSE
25-02-2025,P002,60.49,FALSE,730,FALSE
26-02-2025,P002,60.08,FALSE,751,FALSE
27-02-2025,P002,61.47,FALSE,535,FALSE
28-02-2025,P002,60.5,FALSE,1171,FALSE
01-03-2025,P002,63.04,FALSE,853,FALSE
02-03-2025,P002,60.16,FALSE,621,FALSE
03-03-2025,P002,56.78,FALSE,923,FALSE
04-03-2025,P002,57.03,FALSE,1280,FALSE
05-03-2025,P002,55.41,FALSE,472,TRUE
06-03-2025,P002,55.5,FALSE,1173,FALSE
07-03-2025,P002,54.56,FALSE,1315,FALSE
08-03-2025,P002,54.23,FALSE,1065,FALSE
09-03-2025,P002,54.54,FALSE,1160,FALSE
10-03-2025,P002,54.64,FALSE,209,TRUE
11-03-2025,P002,54.36,FALSE,844,FALSE
12-03-2025,P002,53.84,FALSE,156,TRUE
13-03-2025,P002,53.61,FALSE,946,FALSE
14-03-2025,P002,52.87,FALSE,994,FALSE
15-03-2025,P002,34.3,TRUE,1527,FALSE
16-03-2025,P002,52.98,FALSE,286,TRUE
17-03-2025,P002,53.27,FALSE,571,FALSE
18-03-2025,P002,53.62,FALSE,320,TRUE
19-03-2025,P002,51.74,FALSE,1303,FALSE
20-03-2025,P002,52.07,FALSE,1330,FALSE
21-03-2025,P002,53.26,FALSE,1013,FALSE
22-03-2025,P002,53.02,FALSE,1184,FALSE
23-03-2025,P002,53.73,FALSE,853,FALSE
24-03-2025,P002,53.66,FALSE,1015,FALSE
25-03-2025,P002,53.83,FALSE,1002,FALSE
26-03-2025,P002,54.75,FALSE,929,FALSE
27-03-2025,P002,45.03,TRUE,988,FALSE
28-03-2025,P002,55.18,FALSE,2617,TRUE
29-03-2025,P002,35.34,TRUE,2262,FALSE
30-03-2025,P002,53.59,FALSE,707,FALSE
31-03-2025,P002,51.71,FALSE,1090,FALSE
01-04-2025,P002,51.28,FALSE,269,TRUE
02-04-2025,P002,50.58,FALSE,1264,FALSE
03-04-2025,P002,51,FALSE,401,TRUE
04-04-2025,P002,50.56,FALSE,1407,FALSE
05-04-2025,P002,52.47,FALSE,1483,FALSE
06-04-2025,P002,52.06,FALSE,927,FALSE
07-04-2025,P002,50.96,FALSE,1253,FALSE
08-04-2025,P002,48.87,FALSE,2410,TRUE
09-04-2025,P002,48.84,FALSE,1220,FALSE
10-04-2025,P002,48.51,FALSE,884,FALSE
11-04-2025,P002,49.26,FALSE,1066,FALSE
12-04-2025,P002,50.12,FALSE,862,FALSE
13-04-2025,P002,39.94,TRUE,1169,FALSE
14-04-2025,P002,49.96,FALSE,794,FALSE
15-04-2025,P002,48.73,FALSE,1211,FALSE
16-04-2025,P002,48.31,FALSE,836,FALSE
17-04-2025,P002,47.44,FALSE,4155,TRUE
18-04-2025,P002,47.56,FALSE,1261,FALSE
19-04-2025,P002,47.27,FALSE,1023,FALSE
20-04-2025,P002,47.94,FALSE,873,FALSE
21-04-2025,P002,47.44,FALSE,1344,FALSE
22-04-2025,P002,45.71,FALSE,997,FALSE
23-04-2025,P002,46.33,FALSE,1622,FALSE
24-04-2025,P002,48.77,FALSE,878,FALSE
25-04-2025,P002,49.4,FALSE,544,FALSE
26-04-2025,P002,47.88,FALSE,1112,FALSE
27-04-2025,P002,46.47,FALSE,1081,FALSE
28-04-2025,P002,47.98,FALSE,1424,FALSE
29-04-2025,P002,47.84,FALSE,0,TRUE
30-04-2025,P002,47.82,FALSE,1141,FALSE
01-05-2025,P002,47.27,FALSE,130,TRUE
02-05-2025,P002,48.22,FALSE,1258,FALSE
03-05-2025,P002,37.29,TRUE,1945,FALSE
04-05-2025,P002,47.26,FALSE,1082,FALSE
05-05-2025,P002,46.78,FALSE,819,FALSE
06-05-2025,P002,46.5,FALSE,1118,FALSE
07-05-2025,P002,46.06,FALSE,1626,FALSE
08-05-2025,P002,46.74,FALSE,1466,FALSE
09-05-2025,P002,45.93,FALSE,1036,FALSE
10-05-2025,P002,45.53,FALSE,826,FALSE
11-05-2025,P002,47.05,FALSE,323,TRUE
12-05-2025,P002,48.71,FALSE,1159,FALSE
13-05-2025,P002,50.59,FALSE,995,FALSE
14-05-2025,P002,51.01,FALSE,819,FALSE
15-05-2025,P002,51.87,FALSE,835,FALSE
16-05-2025,P002,51.04,FALSE,1250,FALSE
17-05-2025,P002,50.33,FALSE,983,FALSE
18-05-2025,P002,48.85,FALSE,709,FALSE
19-05-2025,P002,49.33,FALSE,753,FALSE
20-05-2025,P002,50.04,FALSE,1063,FALSE
21-05-2025,P002,50.64,FALSE,1100,FALSE
22-05-2025,P002,40.61,TRUE,1471,FALSE
23-05-2025,P002,49.92,FALSE,1207,FALSE
24-05-2025,P002,50.87,FALSE,907,FALSE
25-05-2025,P002,49.85,FALSE,688,FALSE
26-05-2025,P002,40.05,TRUE,1667,FALSE
27-05-2025,P002,51.3,FALSE,834,FALSE
28-05-2025,P002,51.85,FALSE,854,FALSE
29-05-2025,P002,52.28,FALSE,1597,FALSE
30-05-2025,P002,52.81,FALSE,1341,FALSE
31-05-2025,P002,53.32,FALSE,999,FALSE
01-06-2025,P002,53.17,FALSE,601,FALSE
02-06-2025,P002,51.42,FALSE,1045,FALSE
03-06-2025,P002,49.53,FALSE,914,FALSE
04-06-2025,P002,49.8,FALSE,0,TRUE
05-06-2025,P002,49.56,FALSE,663,FALSE
06-06-2025,P002,43.58,TRUE,2124,FALSE
07-06-2025,P002,51.54,FALSE,676,FALSE
08-06-2025,P002,53.82,FALSE,1178,FALSE
09-06-2025,P002,52.93,FALSE,1684,TRUE
10-06-2025,P002,38.49,TRUE,1107,FALSE
11-06-2025,P002,55.05,FALSE,1007,FALSE
12-06-2025,P002,56.58,FALSE,724,FALSE
13-06-2025,P002,55.65,FALSE,729,FALSE
14-06-2025,P002,54.8,FALSE,834,FALSE
15-06-2025,P002,54.24,FALSE,734,FALSE
16-06-2025,P002,55.92,FALSE,587,FALSE
17-06-2025,P002,56.52,FALSE,776,FALSE
18-06-2025,P002,57.99,FALSE,911,FALSE
19-06-2025,P002,56.76,FALSE,1126,FALSE
20-06-2025,P002,58.71,FALSE,3070,TRUE
21-06-2025,P002,60.23,FALSE,218,TRUE
22-06-2025,P002,59.52,FALSE,510,FALSE
23-06-2025,P002,58.67,FALSE,944,FALSE
24-06-2025,P002,58.62,FALSE,976,FALSE
25-06-2025,P002,59.29,FALSE,701,FALSE
26-06-2025,P002,59.09,FALSE,1199,FALSE
27-06-2025,P002,59.86,FALSE,0,TRUE
28-06-2025,P002,58.48,FALSE,654,FALSE
29-06-2025,P002,60.07,FALSE,594,FALSE
30-06-2025,P002,61.53,FALSE,2197,TRUE
01-07-2025,P002,62.64,FALSE,2535,TRUE
02-07-2025,P002,61.37,FALSE,668,FALSE
03-07-2025,P002,62.58,FALSE,864,FALSE
05-01-2025,P003,124.21,FALSE,211,FALSE
06-01-2025,P003,125.44,FALSE,239,FALSE
07-01-2025,P003,123.06,FALSE,175,FALSE
08-01-2025,P003,127.89,FALSE,327,FALSE
09-01-2025,P003,131.64,FALSE,207,FALSE
10-01-2025,P003,129.41,FALSE,205,FALSE
11-01-2025,P003,126.63,FALSE,342,FALSE
12-01-2025,P003,125.72,FALSE,188,FALSE
13-01-2025,P003,122.58,FALSE,0,TRUE
14-01-2025,P003,120.09,FALSE,315,FALSE
15-01-2025,P003,122.74,FALSE,269,FALSE
16-01-2025,P003,122.92,FALSE,367,FALSE
17-01-2025,P003,124.89,FALSE,207,FALSE
18-01-2025,P003,130.49,FALSE,245,FALSE
19-01-2025,P003,130.29,FALSE,283,FALSE
20-01-2025,P003,129,FALSE,242,FALSE
21-01-2025,P003,129.02,FALSE,239,FALSE
22-01-2025,P003,131.82,FALSE,229,FALSE
23-01-2025,P003,132.55,FALSE,249,FALSE
24-01-2025,P003,127.82,FALSE,243,FALSE
25-01-2025,P003,126.21,FALSE,304,FALSE
26-01-2025,P003,122.65,FALSE,182,FALSE
27-01-2025,P003,120.16,FALSE,232,FALSE
28-01-2025,P003,116.61,FALSE,275,FALSE
29-01-2025,P003,117.89,FALSE,254,FALSE
30-01-2025,P003,83.56,TRUE,411,FALSE
31-01-2025,P003,119.62,FALSE,241,FALSE
01-02-2025,P003,117.19,FALSE,339,FALSE
02-02-2025,P003,117.53,FALSE,351,FALSE
03-02-2025,P003,117.64,FALSE,207,FALSE
04-02-2025,P003,115.48,FALSE,216,FALSE
05-02-2025,P003,113.61,FALSE,188,FALSE
06-02-2025,P003,113.39,FALSE,0,TRUE
07-02-2025,P003,112.83,FALSE,503,FALSE
08-02-2025,P003,111.51,FALSE,259,FALSE
09-02-2025,P003,111.53,FALSE,41,TRUE
10-02-2025,P003,111.76,FALSE,160,FALSE
11-02-2025,P003,113.23,FALSE,216,FALSE
12-02-2025,P003,92.79,TRUE,437,FALSE
13-02-2025,P003,115.12,FALSE,0,TRUE
14-02-2025,P003,116.14,FALSE,370,FALSE
15-02-2025,P003,117.82,FALSE,377,FALSE
16-02-2025,P003,113.88,FALSE,246,FALSE
17-02-2025,P003,113.93,FALSE,226,FALSE
18-02-2025,P003,113.23,FALSE,422,FALSE
19-02-2025,P003,113.87,FALSE,233,FALSE
20-02-2025,P003,118.55,FALSE,288,FALSE
21-02-2025,P003,117.96,FALSE,289,FALSE
22-02-2025,P003,119.83,FALSE,251,FALSE
23-02-2025,P003,122.26,FALSE,240,FALSE
24-02-2025,P003,123.68,FALSE,231,FALSE
25-02-2025,P003,125.13,FALSE,1259,TRUE
26-02-2025,P003,99.81,TRUE,320,FALSE
27-02-2025,P003,122.11,FALSE,384,FALSE
28-02-2025,P003,122.23,FALSE,273,FALSE
01-03-2025,P003,121.88,FALSE,267,FALSE
02-03-2025,P003,120.21,FALSE,276,FALSE
03-03-2025,P003,121.83,FALSE,169,FALSE
04-03-2025,P003,121.78,FALSE,59,TRUE
05-03-2025,P003,118.56,FALSE,0,TRUE
06-03-2025,P003,117.16,FALSE,329,FALSE
07-03-2025,P003,113.85,FALSE,54,TRUE
08-03-2025,P003,110.59,FALSE,325,FALSE
09-03-2025,P003,112.15,FALSE,204,FALSE
10-03-2025,P003,113.21,FALSE,273,FALSE
11-03-2025,P003,116.96,FALSE,226,FALSE
12-03-2025,P003,114.12,FALSE,320,FALSE
13-03-2025,P003,115.34,FALSE,460,FALSE
14-03-2025,P003,116.52,FALSE,222,FALSE
15-03-2025,P003,117.86,FALSE,423,FALSE
16-03-2025,P003,119.52,FALSE,103,TRUE
17-03-2025,P003,120.89,FALSE,1220,TRUE
18-03-2025,P003,121.03,FALSE,205,FALSE
19-03-2025,P003,119.24,FALSE,262,FALSE
20-03-2025,P003,121.69,FALSE,224,FALSE
21-03-2025,P003,115.76,FALSE,419,FALSE
22-03-2025,P003,113.49,FALSE,488,FALSE
23-03-2025,P003,113.71,FALSE,236,FALSE
24-03-2025,P003,111.39,FALSE,243,FALSE
25-03-2025,P003,111.98,FALSE,70,TRUE
26-03-2025,P003,109.89,FALSE,0,TRUE
27-03-2025,P003,113,FALSE,224,FALSE
28-03-2025,P003,111.76,FALSE,372,FALSE
29-03-2025,P003,109.96,FALSE,298,FALSE
30-03-2025,P003,109.11,FALSE,110,TRUE
31-03-2025,P003,109.94,FALSE,0,TRUE
01-04-2025,P003,108.49,FALSE,0,TRUE
02-04-2025,P003,105.86,FALSE,0,TRUE
03-04-2025,P003,105,FALSE,294,FALSE
04-04-2025,P003,102.57,FALSE,381,FALSE
05-04-2025,P003,86.67,TRUE,431,FALSE
06-04-2025,P003,101.49,FALSE,209,FALSE
07-04-2025,P003,100.02,FALSE,177,FALSE
08-04-2025,P003,101.24,FALSE,1587,TRUE
09-04-2025,P003,103.28,FALSE,354,FALSE
10-04-2025,P003,99.51,FALSE,524,FALSE
11-04-2025,P003,103.17,FALSE,338,FALSE
12-04-2025,P003,103.3,FALSE,0,TRUE
13-04-2025,P003,103.82,FALSE,0,TRUE
14-04-2025,P003,100.98,FALSE,0,TRUE
15-04-2025,P003,96.83,FALSE,0,TRUE
16-04-2025,P003,100.4,FALSE,0,TRUE
17-04-2025,P003,100.86,FALSE,329,FALSE
18-04-2025,P003,87.81,TRUE,419,FALSE
19-04-2025,P003,104.65,FALSE,418,FALSE
20-04-2025,P003,76.55,TRUE,1176,TRUE
21-04-2025,P003,102,FALSE,231,FALSE
22-04-2025,P003,102.12,FALSE,283,FALSE
23-04-2025,P003,102.1,FALSE,490,FALSE
24-04-2025,P003,101.84,FALSE,349,FALSE
25-04-2025,P003,103.31,FALSE,331,FALSE
26-04-2025,P003,101.5,FALSE,283,FALSE
27-04-2025,P003,99.44,FALSE,1040,TRUE
28-04-2025,P003,98.46,FALSE,212,FALSE
29-04-2025,P003,98.98,FALSE,249,FALSE
30-04-2025,P003,97.69,FALSE,1401,TRUE
01-05-2025,P003,81.92,TRUE,310,FALSE
02-05-2025,P003,73.42,TRUE,426,FALSE
03-05-2025,P003,100.12,FALSE,37,TRUE
04-05-2025,P003,99.08,FALSE,228,FALSE
05-05-2025,P003,93.72,FALSE,251,FALSE
06-05-2025,P003,91.4,FALSE,294,FALSE
07-05-2025,P003,91.22,FALSE,309,FALSE
08-05-2025,P003,92.12,FALSE,0,TRUE
09-05-2025,P003,90.37,FALSE,0,TRUE
10-05-2025,P003,64.84,TRUE,0,TRUE
11-05-2025,P003,90.35,FALSE,0,TRUE
12-05-2025,P003,91.11,FALSE,0,TRUE
13-05-2025,P003,88.76,FALSE,445,FALSE
14-05-2025,P003,88.31,FALSE,429,FALSE
15-05-2025,P003,87.91,FALSE,265,FALSE
16-05-2025,P003,88.63,FALSE,329,FALSE
17-05-2025,P003,87.33,FALSE,447,FALSE
18-05-2025,P003,87.62,FALSE,268,FALSE
19-05-2025,P003,85.52,FALSE,969,TRUE
20-05-2025,P003,84.76,FALSE,383,FALSE
21-05-2025,P003,80.75,FALSE,285,FALSE
22-05-2025,P003,79.62,FALSE,608,FALSE
23-05-2025,P003,77.85,FALSE,389,FALSE
24-05-2025,P003,78.55,FALSE,298,FALSE
25-05-2025,P003,77.38,FALSE,155,FALSE
26-05-2025,P003,77.88,FALSE,364,FALSE
27-05-2025,P003,78.31,FALSE,219,FALSE
28-05-2025,P003,77.73,FALSE,0,TRUE
29-05-2025,P003,78.04,FALSE,384,FALSE
30-05-2025,P003,81.44,FALSE,394,FALSE
31-05-2025,P003,62.83,TRUE,292,FALSE
01-06-2025,P003,57.81,TRUE,99,TRUE
02-06-2025,P003,77.82,FALSE,334,FALSE
03-06-2025,P003,78.23,FALSE,351,FALSE
04-06-2025,P003,54.59,TRUE,720,FALSE
05-06-2025,P003,78.73,FALSE,60,TRUE
06-06-2025,P003,78.58,FALSE,245,FALSE
07-06-2025,P003,78.35,FALSE,218,FALSE
08-06-2025,P003,74.55,FALSE,315,FALSE
09-06-2025,P003,75.32,FALSE,383,FALSE
10-06-2025,P003,75.52,FALSE,267,FALSE
11-06-2025,P003,76.17,FALSE,281,FALSE
12-06-2025,P003,77.64,FALSE,422,FALSE
13-06-2025,P003,78.7,FALSE,344,FALSE
14-06-2025,P003,80.41,FALSE,295,FALSE
15-06-2025,P003,80.43,FALSE,256,FALSE
16-06-2025,P003,79.58,FALSE,286,FALSE
17-06-2025,P003,63.15,TRUE,331,FALSE
18-06-2025,P003,78.05,FALSE,361,FALSE
19-06-2025,P003,63.81,TRUE,357,FALSE
20-06-2025,P003,79.41,FALSE,354,FALSE
21-06-2025,P003,80.02,FALSE,255,FALSE
22-06-2025,P003,78.93,FALSE,209,FALSE
23-06-2025,P003,78.96,FALSE,333,FALSE
24-06-2025,P003,80.25,FALSE,274,FALSE
25-06-2025,P003,78.66,FALSE,263,FALSE
26-06-2025,P003,76.6,FALSE,251,FALSE
27-06-2025,P003,76.31,FALSE,301,FALSE
28-06-2025,P003,74.82,FALSE,425,FALSE
29-06-2025,P003,76.94,FALSE,302,FALSE
30-06-2025,P003,76.55,FALSE,356,FALSE
01-07-2025,P003,76.37,FALSE,333,FALSE
02-07-2025,P003,76.26,FALSE,420,FALSE
03-07-2025,P003,74.86,FALSE,348,FALSE
05-01-2025,P004,109.32,FALSE,398,FALSE
06-01-2025,P004,111.39,FALSE,705,FALSE
07-01-2025,P004,81.83,TRUE,788,FALSE
08-01-2025,P004,115.07,FALSE,453,FALSE
09-01-2025,P004,115.35,FALSE,235,TRUE
10-01-2025,P004,114.94,FALSE,688,FALSE
11-01-2025,P004,114.34,FALSE,822,FALSE
12-01-2025,P004,111.69,FALSE,499,FALSE
13-01-2025,P004,112.99,FALSE,775,FALSE
14-01-2025,P004,111.88,FALSE,688,FALSE
15-01-2025,P004,115.37,FALSE,563,FALSE
16-01-2025,P004,113.35,FALSE,737,FALSE
17-01-2025,P004,113.38,FALSE,814,FALSE
18-01-2025,P004,111.59,FALSE,823,FALSE
19-01-2025,P004,111.51,FALSE,625,FALSE
20-01-2025,P004,109.27,FALSE,627,FALSE
21-01-2025,P004,107.04,FALSE,863,FALSE
22-01-2025,P004,106.78,FALSE,794,FALSE
23-01-2025,P004,108.06,FALSE,595,FALSE
24-01-2025,P004,111.59,FALSE,560,FALSE
25-01-2025,P004,114.92,FALSE,732,FALSE
26-01-2025,P004,112.12,FALSE,692,FALSE
27-01-2025,P004,111.41,FALSE,556,FALSE
28-01-2025,P004,116.02,FALSE,214,TRUE
29-01-2025,P004,114.8,FALSE,2063,TRUE
30-01-2025,P004,114.19,FALSE,549,FALSE
31-01-2025,P004,112.98,FALSE,1126,FALSE
01-02-2025,P004,114.24,FALSE,596,FALSE
02-02-2025,P004,116.5,FALSE,668,FALSE
03-02-2025,P004,116.86,FALSE,403,FALSE
04-02-2025,P004,115.3,FALSE,432,FALSE
05-02-2025,P004,117.32,FALSE,525,FALSE
06-02-2025,P004,117.76,FALSE,476,FALSE
07-02-2025,P004,90.65,TRUE,877,FALSE
08-02-2025,P004,112.69,FALSE,689,FALSE
09-02-2025,P004,115.58,FALSE,1475,TRUE
10-02-2025,P004,118.94,FALSE,652,FALSE
11-02-2025,P004,118.92,FALSE,692,FALSE
12-02-2025,P004,120.85,FALSE,574,FALSE
13-02-2025,P004,123.19,FALSE,518,FALSE
14-02-2025,P004,122.37,FALSE,800,FALSE
15-02-2025,P004,102.05,TRUE,750,FALSE
16-02-2025,P004,122.87,FALSE,616,FALSE
17-02-2025,P004,124.69,FALSE,575,FALSE
18-02-2025,P004,122.32,FALSE,714,FALSE
19-02-2025,P004,121.69,FALSE,449,FALSE
20-02-2025,P004,123.52,FALSE,860,FALSE
21-02-2025,P004,127.36,FALSE,809,FALSE
22-02-2025,P004,126.73,FALSE,657,FALSE
23-02-2025,P004,124.9,FALSE,583,FALSE
24-02-2025,P004,123.65,FALSE,693,FALSE
25-02-2025,P004,122.62,FALSE,334,FALSE
26-02-2025,P004,122.34,FALSE,862,FALSE
27-02-2025,P004,119.14,FALSE,648,FALSE
28-02-2025,P004,121.04,FALSE,765,FALSE
01-03-2025,P004,116.01,FALSE,462,FALSE
02-03-2025,P004,112.23,FALSE,589,FALSE
03-03-2025,P004,110.87,FALSE,199,TRUE
04-03-2025,P004,112.18,FALSE,2127,TRUE
05-03-2025,P004,110.44,FALSE,1021,FALSE
06-03-2025,P004,111.24,FALSE,956,FALSE
07-03-2025,P004,111.37,FALSE,1076,FALSE
08-03-2025,P004,107.63,FALSE,890,FALSE
09-03-2025,P004,86.31,TRUE,1079,FALSE
10-03-2025,P004,109.96,FALSE,2673,TRUE
11-03-2025,P004,110.1,FALSE,181,TRUE
12-03-2025,P004,107.01,FALSE,775,FALSE
13-03-2025,P004,106.75,FALSE,1196,FALSE
14-03-2025,P004,108.64,FALSE,617,FALSE
15-03-2025,P004,108.1,FALSE,756,FALSE
16-03-2025,P004,106.22,FALSE,712,FALSE
17-03-2025,P004,106.09,FALSE,710,FALSE
18-03-2025,P004,106.02,FALSE,611,FALSE
19-03-2025,P004,107.92,FALSE,870,FALSE
20-03-2025,P004,110.37,FALSE,259,TRUE
21-03-2025,P004,112.99,FALSE,582,FALSE
22-03-2025,P004,113.09,FALSE,476,FALSE
23-03-2025,P004,117.15,FALSE,751,FALSE
24-03-2025,P004,112.57,FALSE,502,FALSE
25-03-2025,P004,114.03,FALSE,716,FALSE
26-03-2025,P004,113.28,FALSE,674,FALSE
27-03-2025,P004,109.35,FALSE,837,FALSE
28-03-2025,P004,107.27,FALSE,629,FALSE
29-03-2025,P004,107.77,FALSE,613,FALSE
30-03-2025,P004,108.32,FALSE,844,FALSE
31-03-2025,P004,107.45,FALSE,373,FALSE
01-04-2025,P004,108,FALSE,899,FALSE
02-04-2025,P004,106.82,FALSE,896,FALSE
03-04-2025,P004,108.28,FALSE,976,FALSE
04-04-2025,P004,108.97,FALSE,664,FALSE
05-04-2025,P004,106.6,FALSE,655,FALSE
06-04-2025,P004,101.64,TRUE,794,FALSE
07-04-2025,P004,108.78,FALSE,648,FALSE
08-04-2025,P004,107.26,FALSE,950,FALSE
09-04-2025,P004,84.42,TRUE,1502,FALSE
10-04-2025,P004,103.3,FALSE,1023,FALSE
11-04-2025,P004,104.64,FALSE,620,FALSE
12-04-2025,P004,84.62,TRUE,1838,FALSE
13-04-2025,P004,105.12,FALSE,2341,TRUE
14-04-2025,P004,101.87,FALSE,874,FALSE
15-04-2025,P004,99.93,FALSE,860,FALSE
16-04-2025,P004,100.81,FALSE,603,FALSE
17-04-2025,P004,101.37,FALSE,677,FALSE
18-04-2025,P004,100.83,FALSE,685,FALSE
19-04-2025,P004,99.53,FALSE,1333,TRUE
20-04-2025,P004,101.31,FALSE,804,FALSE
21-04-2025,P004,100.81,FALSE,930,FALSE
22-04-2025,P004,104.05,FALSE,235,TRUE
23-04-2025,P004,104.02,FALSE,846,FALSE
24-04-2025,P004,104.06,FALSE,141,TRUE
25-04-2025,P004,103.01,FALSE,1646,FALSE
26-04-2025,P004,105.34,FALSE,1062,FALSE
27-04-2025,P004,102.52,FALSE,915,FALSE
28-04-2025,P004,104.11,FALSE,849,FALSE
29-04-2025,P004,103.35,FALSE,897,FALSE
30-04-2025,P004,100.92,FALSE,651,FALSE
01-05-2025,P004,101.33,FALSE,1033,FALSE
02-05-2025,P004,99.56,FALSE,572,FALSE
03-05-2025,P004,102.24,FALSE,584,FALSE
04-05-2025,P004,101.07,FALSE,790,FALSE
05-05-2025,P004,98.82,FALSE,811,FALSE
06-05-2025,P004,96.39,FALSE,748,FALSE
07-05-2025,P004,99.44,FALSE,1047,FALSE
08-05-2025,P004,67.24,TRUE,1318,FALSE
09-05-2025,P004,98.92,FALSE,1210,FALSE
10-05-2025,P004,100.3,FALSE,893,FALSE
11-05-2025,P004,100.18,FALSE,818,FALSE
12-05-2025,P004,100.08,FALSE,601,FALSE
13-05-2025,P004,102.08,FALSE,535,FALSE
14-05-2025,P004,103.6,FALSE,938,FALSE
15-05-2025,P004,100.31,FALSE,760,FALSE
16-05-2025,P004,100.42,FALSE,493,FALSE
17-05-2025,P004,102.2,FALSE,861,FALSE
18-05-2025,P004,102.86,FALSE,643,FALSE
19-05-2025,P004,103.18,FALSE,679,FALSE
20-05-2025,P004,98.95,FALSE,719,FALSE
21-05-2025,P004,86.17,TRUE,616,FALSE
22-05-2025,P004,99.73,FALSE,854,FALSE
23-05-2025,P004,99.77,FALSE,1064,FALSE
24-05-2025,P004,101.49,FALSE,685,FALSE
25-05-2025,P004,103.71,FALSE,905,FALSE
26-05-2025,P004,102.11,FALSE,688,FALSE
27-05-2025,P004,84.34,TRUE,1096,FALSE
28-05-2025,P004,81.5,TRUE,1308,FALSE
29-05-2025,P004,84.01,TRUE,1059,FALSE
30-05-2025,P004,102.17,FALSE,1415,FALSE
31-05-2025,P004,104.46,FALSE,847,FALSE
01-06-2025,P004,103.54,FALSE,612,FALSE
02-06-2025,P004,106.97,FALSE,753,FALSE
03-06-2025,P004,107.77,FALSE,715,FALSE
04-06-2025,P004,102.87,FALSE,768,FALSE
05-06-2025,P004,102.81,FALSE,811,FALSE
06-06-2025,P004,67.87,TRUE,582,TRUE
07-06-2025,P004,100.08,FALSE,560,FALSE
08-06-2025,P004,100.12,FALSE,593,FALSE
09-06-2025,P004,100.18,FALSE,496,FALSE
10-06-2025,P004,104.78,FALSE,191,TRUE
11-06-2025,P004,103.99,FALSE,397,FALSE
12-06-2025,P004,104.92,FALSE,720,FALSE
13-06-2025,P004,111.76,FALSE,635,FALSE
14-06-2025,P004,114.32,FALSE,1365,TRUE
15-06-2025,P004,115.04,FALSE,541,FALSE
16-06-2025,P004,116.27,FALSE,830,FALSE
17-06-2025,P004,115.9,FALSE,718,FALSE
18-06-2025,P004,117.94,FALSE,356,FALSE
19-06-2025,P004,115.26,FALSE,631,FALSE
20-06-2025,P004,115.71,FALSE,0,TRUE
21-06-2025,P004,89.52,TRUE,0,TRUE
22-06-2025,P004,115.3,FALSE,0,TRUE
23-06-2025,P004,118.49,FALSE,0,TRUE
24-06-2025,P004,115.48,FALSE,1407,TRUE
25-06-2025,P004,115.65,FALSE,730,FALSE
26-06-2025,P004,116.75,FALSE,840,FALSE
27-06-2025,P004,115.42,FALSE,586,FALSE
28-06-2025,P004,115.94,FALSE,2674,TRUE
29-06-2025,P004,117.81,FALSE,480,FALSE
30-06-2025,P004,93.92,TRUE,879,FALSE
01-07-2025,P004,117.46,FALSE,801,FALSE
02-07-2025,P004,119.93,FALSE,790,FALSE
03-07-2025,P004,123.97,FALSE,397,FALSE
05-01-2025,P005,106.24,FALSE,571,FALSE
06-01-2025,P005,111.13,FALSE,1003,FALSE
07-01-2025,P005,109.24,FALSE,542,FALSE
08-01-2025,P005,106.31,FALSE,655,FALSE
09-01-2025,P005,106.23,FALSE,697,FALSE
10-01-2025,P005,103.78,FALSE,897,FALSE
11-01-2025,P005,99.12,FALSE,613,FALSE
12-01-2025,P005,98.08,FALSE,916,FALSE
13-01-2025,P005,96.25,FALSE,864,FALSE
14-01-2025,P005,95.97,FALSE,107,TRUE
15-01-2025,P005,95.54,FALSE,639,FALSE
16-01-2025,P005,96.66,FALSE,703,FALSE
17-01-2025,P005,93.88,FALSE,437,FALSE
18-01-2025,P005,93.08,FALSE,600,FALSE
19-01-2025,P005,92.06,FALSE,1063,FALSE
20-01-2025,P005,91.19,FALSE,784,FALSE
21-01-2025,P005,93.8,FALSE,1158,FALSE
22-01-2025,P005,96.7,FALSE,863,FALSE
23-01-2025,P005,96.86,FALSE,787,FALSE
24-01-2025,P005,97.53,FALSE,827,FALSE
25-01-2025,P005,98.71,FALSE,805,FALSE
26-01-2025,P005,74.07,TRUE,615,FALSE
27-01-2025,P005,101.79,FALSE,732,FALSE
28-01-2025,P005,99.42,FALSE,924,FALSE
29-01-2025,P005,100.41,FALSE,941,FALSE
30-01-2025,P005,102.2,FALSE,657,FALSE
31-01-2025,P005,99.06,FALSE,0,TRUE
01-02-2025,P005,98.78,FALSE,788,FALSE
02-02-2025,P005,95.15,FALSE,948,FALSE
03-02-2025,P005,91.3,FALSE,329,TRUE
04-02-2025,P005,90.58,FALSE,909,FALSE
05-02-2025,P005,92.09,FALSE,515,FALSE
06-02-2025,P005,94.26,FALSE,772,FALSE
07-02-2025,P005,94.51,FALSE,1154,FALSE
08-02-2025,P005,92.27,FALSE,680,FALSE
09-02-2025,P005,68.04,TRUE,1646,FALSE
10-02-2025,P005,92.65,FALSE,2204,TRUE
11-02-2025,P005,92.48,FALSE,367,FALSE
12-02-2025,P005,92.14,FALSE,1021,FALSE
13-02-2025,P005,94.37,FALSE,687,FALSE
14-02-2025,P005,97.11,FALSE,974,FALSE
15-02-2025,P005,98.11,FALSE,1131,FALSE
16-02-2025,P005,99.91,FALSE,817,FALSE
17-02-2025,P005,99.79,FALSE,724,FALSE
18-02-2025,P005,97.6,FALSE,858,FALSE
19-02-2025,P005,97.33,FALSE,138,TRUE
20-02-2025,P005,99.53,FALSE,1376,FALSE
21-02-2025,P005,99.15,FALSE,1606,FALSE
22-02-2025,P005,98.15,FALSE,1149,FALSE
23-02-2025,P005,97.49,FALSE,588,FALSE
24-02-2025,P005,95.56,FALSE,824,FALSE
25-02-2025,P005,97.13,FALSE,565,FALSE
26-02-2025,P005,100.11,FALSE,636,FALSE
27-02-2025,P005,98.48,FALSE,834,FALSE
28-02-2025,P005,99.54,FALSE,938,FALSE
01-03-2025,P005,96.71,FALSE,822,FALSE
02-03-2025,P005,98.55,FALSE,883,FALSE
03-03-2025,P005,98.23,FALSE,914,FALSE
04-03-2025,P005,96.56,FALSE,906,FALSE
05-03-2025,P005,95.42,FALSE,925,FALSE
06-03-2025,P005,94.78,FALSE,910,FALSE
07-03-2025,P005,95.34,FALSE,1495,FALSE
08-03-2025,P005,93.37,FALSE,974,FALSE
09-03-2025,P005,92.42,FALSE,1038,FALSE
10-03-2025,P005,90.27,FALSE,657,FALSE
11-03-2025,P005,91.78,FALSE,630,FALSE
12-03-2025,P005,92.3,FALSE,1017,FALSE
13-03-2025,P005,93.31,FALSE,1016,FALSE
14-03-2025,P005,77.05,TRUE,1640,FALSE
15-03-2025,P005,95.75,FALSE,777,FALSE
16-03-2025,P005,74.55,TRUE,1033,FALSE
17-03-2025,P005,92.64,FALSE,978,FALSE
18-03-2025,P005,93.9,FALSE,1140,FALSE
19-03-2025,P005,91.61,FALSE,0,TRUE
20-03-2025,P005,93.57,FALSE,1399,FALSE
21-03-2025,P005,94.21,FALSE,580,FALSE
22-03-2025,P005,94.88,FALSE,1235,FALSE
23-03-2025,P005,96.89,FALSE,530,FALSE
24-03-2025,P005,99.25,FALSE,696,FALSE
25-03-2025,P005,99.69,FALSE,732,FALSE
26-03-2025,P005,82.72,TRUE,1314,FALSE
27-03-2025,P005,99.04,FALSE,679,FALSE
28-03-2025,P005,94.75,FALSE,552,FALSE
29-03-2025,P005,93.95,FALSE,702,FALSE
30-03-2025,P005,90.8,FALSE,1057,FALSE
31-03-2025,P005,90.37,FALSE,815,FALSE
01-04-2025,P005,92.78,FALSE,852,FALSE
02-04-2025,P005,92.44,FALSE,809,FALSE
03-04-2025,P005,93.41,FALSE,954,FALSE
04-04-2025,P005,92.84,FALSE,1143,FALSE
05-04-2025,P005,93.25,FALSE,1384,FALSE
06-04-2025,P005,92.91,FALSE,0,TRUE
07-04-2025,P005,94.92,FALSE,733,FALSE
08-04-2025,P005,95.09,FALSE,733,FALSE
09-04-2025,P005,91.55,FALSE,1202,FALSE
10-04-2025,P005,89.86,FALSE,1178,FALSE
11-04-2025,P005,89.31,FALSE,752,FALSE
12-04-2025,P005,87.51,FALSE,1126,FALSE
13-04-2025,P005,87.77,FALSE,334,TRUE
14-04-2025,P005,86.98,FALSE,711,FALSE
15-04-2025,P005,83.83,FALSE,864,FALSE
16-04-2025,P005,84.99,FALSE,1011,FALSE
17-04-2025,P005,84.51,FALSE,329,TRUE
18-04-2025,P005,83.36,FALSE,809,FALSE
19-04-2025,P005,83.45,FALSE,0,TRUE
20-04-2025,P005,83.22,FALSE,0,TRUE
21-04-2025,P005,81.29,FALSE,0,TRUE
22-04-2025,P005,80.87,FALSE,0,TRUE
23-04-2025,P005,78.89,FALSE,977,FALSE
24-04-2025,P005,82.09,FALSE,831,FALSE
25-04-2025,P005,81.94,FALSE,1348,FALSE
26-04-2025,P005,82.42,FALSE,1312,FALSE
27-04-2025,P005,84.22,FALSE,1088,FALSE
28-04-2025,P005,86.68,FALSE,664,FALSE
29-04-2025,P005,86.07,FALSE,996,FALSE
30-04-2025,P005,88.68,FALSE,4608,TRUE
01-05-2025,P005,84.84,FALSE,1082,FALSE
02-05-2025,P005,86.8,FALSE,717,FALSE
03-05-2025,P005,90.16,FALSE,2580,TRUE
04-05-2025,P005,90.99,FALSE,1116,FALSE
05-05-2025,P005,91.95,FALSE,747,FALSE
06-05-2025,P005,92.93,FALSE,911,FALSE
07-05-2025,P005,91.16,FALSE,849,FALSE
08-05-2025,P005,90.18,FALSE,1124,FALSE
09-05-2025,P005,89.94,FALSE,782,FALSE
10-05-2025,P005,92.17,FALSE,955,FALSE
11-05-2025,P005,72.56,TRUE,1617,FALSE
12-05-2025,P005,95.29,FALSE,716,FALSE
13-05-2025,P005,84.2,TRUE,1067,FALSE
14-05-2025,P005,96.93,FALSE,153,TRUE
15-05-2025,P005,97.15,FALSE,864,FALSE
16-05-2025,P005,96.09,FALSE,803,FALSE
17-05-2025,P005,94.95,FALSE,636,FALSE
18-05-2025,P005,75.76,TRUE,650,FALSE
19-05-2025,P005,98.81,FALSE,998,FALSE
20-05-2025,P005,98.73,FALSE,981,FALSE
21-05-2025,P005,101.4,FALSE,861,FALSE
22-05-2025,P005,102.21,FALSE,983,FALSE
23-05-2025,P005,100.15,FALSE,911,FALSE
24-05-2025,P005,81.09,TRUE,1052,FALSE
25-05-2025,P005,101.34,FALSE,715,FALSE
26-05-2025,P005,101.29,FALSE,910,FALSE
27-05-2025,P005,100.38,FALSE,674,FALSE
28-05-2025,P005,100.81,FALSE,152,TRUE
29-05-2025,P005,100.7,FALSE,842,FALSE
30-05-2025,P005,100.19,FALSE,1501,FALSE
31-05-2025,P005,78.74,TRUE,1431,FALSE
01-06-2025,P005,96.72,FALSE,809,FALSE
02-06-2025,P005,95.92,FALSE,699,FALSE
03-06-2025,P005,96.87,FALSE,752,FALSE
04-06-2025,P005,97.64,FALSE,428,TRUE
05-06-2025,P005,73.83,TRUE,982,FALSE
06-06-2025,P005,101.72,FALSE,872,FALSE
07-06-2025,P005,103.01,FALSE,638,FALSE
08-06-2025,P005,80.75,TRUE,879,FALSE
09-06-2025,P005,99.98,FALSE,674,FALSE
10-06-2025,P005,96.17,FALSE,669,FALSE
11-06-2025,P005,97.8,FALSE,670,FALSE
12-06-2025,P005,95.4,FALSE,4803,TRUE
13-06-2025,P005,93.71,FALSE,863,FALSE
14-06-2025,P005,92.09,FALSE,439,FALSE
15-06-2025,P005,93.39,FALSE,812,FALSE
16-06-2025,P005,94.49,FALSE,627,FALSE
17-06-2025,P005,95.19,FALSE,748,FALSE
18-06-2025,P005,79.28,TRUE,1355,FALSE
19-06-2025,P005,94.02,FALSE,735,FALSE
20-06-2025,P005,93.93,FALSE,977,FALSE
21-06-2025,P005,98.25,FALSE,909,FALSE
22-06-2025,P005,96.56,FALSE,563,FALSE
23-06-2025,P005,88.04,TRUE,1104,FALSE
24-06-2025,P005,91.18,FALSE,727,FALSE
25-06-2025,P005,89.74,FALSE,1113,FALSE
26-06-2025,P005,89.04,FALSE,255,TRUE
27-06-2025,P005,74.24,TRUE,1214,FALSE
28-06-2025,P005,90.18,FALSE,739,FALSE
29-06-2025,P005,85.25,TRUE,1364,FALSE
30-06-2025,P005,89.88,FALSE,761,FALSE
01-07-2025,P005,89.43,FALSE,913,FALSE
02-07-2025,P005,87.54,FALSE,2915,TRUE
03-07-2025,P005,73.16,TRUE,1222,FALSE
